-- phpMyAdmin SQL Dump
-- version 5.2.0
-- https://www.phpmyadmin.net/
--
-- Hôte : 127.0.0.1:3306
-- Généré le : mer. 07 sep. 2022 à 13:21
-- Version du serveur : 8.0.30
-- Version de PHP : 8.1.10

SET SQL_MODE = "NO_AUTO_VALUE_ON_ZERO";
START TRANSACTION;
SET time_zone = "+00:00";


/*!40101 SET @OLD_CHARACTER_SET_CLIENT=@@CHARACTER_SET_CLIENT */;
/*!40101 SET @OLD_CHARACTER_SET_RESULTS=@@CHARACTER_SET_RESULTS */;
/*!40101 SET @OLD_COLLATION_CONNECTION=@@COLLATION_CONNECTION */;
/*!40101 SET NAMES utf8mb4 */;

--
-- Base de données : `php-stats-de-pays`
--

-- --------------------------------------------------------

--
-- Structure de la table `t_continents`
--

DROP TABLE IF EXISTS `t_continents`;
CREATE TABLE IF NOT EXISTS `t_continents` (
  `id_continent` smallint NOT NULL AUTO_INCREMENT,
  `libelle_continent` varchar(255) NOT NULL,
  PRIMARY KEY (`id_continent`)
) ENGINE=InnoDB AUTO_INCREMENT=7 DEFAULT CHARSET=utf8mb3;

--
-- Déchargement des données de la table `t_continents`
--

INSERT INTO `t_continents` (`id_continent`, `libelle_continent`) VALUES
(1, 'Afrique'),
(2, 'Amérique Latine et Caraïbes'),
(3, 'Amérique Septentrionale'),
(4, 'Asie'),
(5, 'Europe'),
(6, 'Océanie');

-- --------------------------------------------------------

--
-- Structure de la table `t_pays`
--

DROP TABLE IF EXISTS `t_pays`;
CREATE TABLE IF NOT EXISTS `t_pays` (
  `id_pays` smallint NOT NULL AUTO_INCREMENT,
  `libelle_pays` varchar(100) NOT NULL,
  `libelle_pays_en` varchar(255) NOT NULL,
  `population_pays` int NOT NULL,
  `taux_natalite_pays` decimal(5,2) NOT NULL,
  `taux_mortalite_pays` decimal(5,2) NOT NULL,
  `esperance_vie_pays` decimal(5,2) NOT NULL,
  `taux_mortalite_infantile_pays` decimal(5,2) NOT NULL,
  `nombre_enfants_par_femme_pays` decimal(5,2) NOT NULL,
  `taux_croissance_pays` decimal(5,2) NOT NULL,
  `population_plus_65_pays` int NOT NULL,
  `continent_id` smallint DEFAULT NULL,
  `region_id` smallint DEFAULT NULL,
  PRIMARY KEY (`id_pays`),
  KEY `fk_region` (`region_id`),
  KEY `fk_continent` (`continent_id`)
) ENGINE=InnoDB AUTO_INCREMENT=403 DEFAULT CHARSET=utf8mb3;

--
-- Déchargement des données de la table `t_pays`
--

INSERT INTO `t_pays` (`id_pays`, `libelle_pays`, `libelle_pays_en`, `population_pays`, `taux_natalite_pays`, `taux_mortalite_pays`, `esperance_vie_pays`, `taux_mortalite_infantile_pays`, `nombre_enfants_par_femme_pays`, `taux_croissance_pays`, `population_plus_65_pays`, `continent_id`, `region_id`) VALUES
(202, 'Antigua-et-Barbuda', '', 93, '16.10', '6.10', '76.50', '7.60', '2.05', '10.00', 7, 2, 13),
(203, 'Aruba', '', 104, '10.20', '8.80', '75.90', '14.00', '1.66', '3.60', 13, 2, 13),
(204, 'Bahamas', '', 392, '15.00', '6.30', '75.70', '8.40', '1.87', '11.80', 34, 2, 13),
(205, 'Barbade', '', 289, '12.50', '9.00', '75.90', '9.10', '1.86', '4.90', 34, 2, 13),
(206, 'Cuba', '', 11236, '9.30', '8.00', '79.80', '4.10', '1.45', '-1.20', 1620, 2, 13),
(207, 'Curaçao', '', 167, '11.80', '8.70', '77.70', '10.10', '1.89', '11.00', 25, 2, 13),
(208, 'Dominicaine (République)', '', 10773, '19.80', '6.00', '74.10', '22.90', '2.39', '11.10', 727, 2, 13),
(209, 'Grenade', '', 107, '18.70', '7.30', '73.20', '8.20', '2.10', '3.40', 8, 2, 13),
(210, 'Guadeloupe', '', 472, '12.90', '7.00', '81.60', '5.00', '2.04', '4.40', 69, 2, 13),
(211, 'Haïti', '', 10744, '24.50', '8.30', '64.00', '37.00', '2.97', '13.00', 498, 2, 13),
(212, 'Îles Vierges américaines', '', 107, '14.10', '7.90', '80.80', '8.80', '2.43', '0.20', 19, 2, 13),
(213, 'Jamaïque', '', 2827, '17.60', '7.20', '74.00', '19.20', '2.19', '4.80', 234, 2, 13),
(214, 'Martinique', '', 407, '10.80', '8.10', '82.10', '5.50', '1.80', '2.30', 72, 2, 13),
(215, 'Porto Rico', '', 3678, '11.70', '8.20', '79.40', '5.90', '1.62', '-0.50', 543, 2, 13),
(216, 'Sainte Lucie', '', 186, '14.70', '7.40', '75.20', '9.60', '1.85', '7.40', 17, 2, 13),
(217, 'St Vincent-et-les-Grenadines', '', 109, '15.50', '7.40', '72.80', '16.00', '1.93', '0.20', 8, 2, 13),
(218, 'Trinité-et-Tobago', '', 1349, '13.50', '10.10', '70.20', '22.70', '1.79', '1.10', 134, 2, 13),
(219, 'Belize', '', 355, '22.30', '4.40', '74.50', '11.50', '2.57', '21.90', 15, 2, 6),
(220, 'Costa Rica', '', 5064, '14.40', '4.30', '80.60', '7.50', '1.75', '12.10', 394, 2, 6),
(221, 'Guatemala', '', 16653, '29.80', '5.00', '73.00', '20.00', '3.61', '24.00', 785, 2, 6),
(222, 'Honduras', '', 8587, '24.70', '4.60', '74.70', '19.80', '2.86', '19.00', 403, 2, 6),
(223, 'Mexique', '', 126635, '17.40', '4.60', '78.20', '12.70', '2.10', '10.90', 8893, 2, 6),
(224, 'Nicaragua', '', 6342, '21.50', '4.50', '75.80', '13.80', '2.38', '13.30', 312, 2, 6),
(225, 'Panama', '', 4050, '18.60', '5.00', '78.20', '13.20', '2.39', '15.30', 314, 2, 6),
(226, 'Salvador', '', 6467, '19.60', '6.60', '73.30', '15.40', '2.11', '6.20', 479, 2, 6),
(227, 'Argentine', '', 42501, '16.20', '7.70', '76.80', '10.20', '2.14', '8.10', 4829, 2, 7),
(228, 'Bolivie', '', 11202, '24.90', '6.90', '68.10', '34.60', '3.10', '15.80', 576, 2, 7),
(229, 'Brésil', '', 205231, '14.30', '6.60', '74.70', '16.90', '1.77', '7.60', 17000, 2, 7),
(230, 'Chili', '', 18073, '13.50', '5.70', '80.70', '5.20', '1.79', '8.20', 1965, 2, 7),
(231, 'Colombie', '', 50119, '17.80', '5.70', '74.60', '14.50', '2.20', '11.70', 3449, 2, 7),
(232, 'Equateur', '', 16467, '19.90', '4.90', '77.20', '14.80', '2.47', '14.60', 1156, 2, 7),
(233, 'Guyane', '', 811, '19.40', '6.70', '66.70', '27.00', '2.44', '4.60', 30, 2, 7),
(234, 'Guyane (française)', '', 268, '22.90', '3.70', '77.80', '10.90', '2.96', '23.70', 14, 2, 7),
(235, 'Paraguay', '', 7148, '23.00', '5.80', '72.50', '29.00', '2.77', '16.10', 418, 2, 7),
(236, 'Pérou', '', 31550, '18.90', '5.30', '75.70', '14.10', '2.33', '12.30', 2165, 2, 7),
(237, 'Surinam', '', 553, '17.10', '7.40', '71.70', '15.50', '2.20', '7.90', 38, 2, 7),
(238, 'Uruguay', '', 3441, '14.20', '9.30', '77.70', '10.50', '2.02', '3.10', 496, 2, 7),
(239, 'Venezuela', '', 31729, '18.80', '5.40', '75.10', '13.60', '2.31', '13.70', 2164, 2, 7),
(240, 'Burundi', '', 11153, '43.20', '12.00', '55.30', '82.20', '5.77', '30.90', 267, 1, 2),
(241, 'Comores', '', 788, '33.50', '8.40', '61.50', '63.90', '4.52', '22.50', 23, 1, 2),
(242, 'Djibouti', '', 913, '26.30', '8.30', '63.10', '50.60', '3.19', '14.50', 38, 1, 2),
(243, 'Erythrée', '', 6937, '34.50', '6.10', '64.40', '34.60', '4.43', '28.60', 164, 1, 2),
(244, 'Ethiopie', '', 101407, '31.50', '6.90', '65.30', '44.30', '4.17', '24.50', 3560, 1, 2),
(245, 'Kenya', '', 47959, '33.20', '7.70', '62.90', '47.60', '4.17', '25.40', 1352, 1, 2),
(246, 'Madagascar', '', 24915, '33.90', '6.30', '66.00', '31.30', '4.29', '27.60', 717, 1, 2),
(247, 'Malawi', '', 17802, '38.70', '10.70', '56.50', '80.40', '5.16', '28.00', 583, 1, 2),
(248, 'Maurice', '', 1258, '11.30', '8.30', '74.10', '10.30', '1.50', '3.10', 125, 1, 2),
(249, 'Mayotte', '', 240, '26.80', '2.00', '79.90', '3.50', '3.56', '24.70', 6, 1, 2),
(250, 'Mozambique', '', 27781, '37.50', '13.40', '51.30', '67.00', '4.97', '23.90', 925, 1, 2),
(251, 'Ouganda', '', 41468, '41.60', '8.60', '60.40', '52.00', '5.58', '32.40', 1000, 1, 2),
(252, 'Réunion', '', 905, '15.80', '5.30', '80.30', '3.50', '2.15', '10.50', 84, 1, 2),
(253, 'Rwanda', '', 12760, '33.30', '6.50', '65.40', '44.40', '4.22', '26.10', 330, 1, 2),
(254, 'Seychelles', '', 94, '15.30', '7.90', '73.70', '7.00', '2.11', '4.60', 7, 1, 2),
(255, 'Somalie', '', 11446, '42.60', '11.50', '56.00', '73.20', '6.25', '28.60', 325, 1, 2),
(256, 'Sud Soudan', '', 12531, '35.00', '10.90', '56.90', '70.40', '4.66', '29.00', 439, 1, 2),
(257, 'Tanzanie', '', 53851, '37.70', '7.90', '62.80', '44.20', '5.01', '29.20', 1758, 1, 2),
(258, 'Zambie', '', 16034, '42.00', '8.90', '60.50', '58.70', '5.55', '32.60', 410, 1, 2),
(259, 'Zimbabwe', '', 15483, '30.10', '8.00', '62.50', '33.70', '3.29', '28.00', 596, 1, 2),
(260, 'Angola', '', 23521, '42.40', '13.00', '53.10', '90.30', '5.55', '30.20', 570, 1, 1),
(261, 'Cameroun', '', 23977, '35.90', '11.00', '56.40', '67.70', '4.56', '24.60', 769, 1, 1),
(262, 'Centrafricaine (République)', '', 4898, '33.10', '13.80', '52.00', '86.20', '4.11', '19.40', 186, 1, 1),
(263, 'Congo', '', 4785, '36.00', '9.60', '59.90', '58.40', '4.80', '24.00', 162, 1, 1),
(264, 'Congo (Rép. dém. du) (ex-Zaïre)', '', 73172, '41.40', '14.70', '50.90', '103.90', '5.62', '26.60', 2097, 1, 1),
(265, 'Gabon', '', 1791, '30.60', '8.50', '64.50', '39.50', '3.90', '22.50', 90, 1, 1),
(266, 'Guinée équatoriale', '', 821, '33.90', '12.40', '54.40', '80.40', '4.55', '26.40', 23, 1, 1),
(267, 'Sao Tomé-et-Principe', '', 208, '31.60', '6.60', '66.70', '41.90', '3.88', '23.60', 7, 1, 1),
(268, 'Tchad', '', 14009, '44.30', '13.30', '52.50', '89.40', '5.93', '29.10', 332, 1, 1),
(269, 'Algérie', '', 41316, '22.60', '6.00', '71.40', '24.30', '2.65', '16.30', 1989, 1, 3),
(270, 'Egypte', '', 86010, '22.00', '6.40', '71.80', '16.50', '2.67', '15.10', 5176, 1, 3),
(271, 'Libye', '', 6395, '19.20', '4.30', '75.90', '12.10', '2.21', '13.10', 326, 1, 3),
(272, 'Maroc', '', 34388, '21.50', '6.30', '71.60', '23.00', '2.67', '12.20', 1796, 1, 3),
(273, 'Sahara occidental', '', 623, '19.30', '5.60', '68.50', '33.60', '2.27', '31.00', 19, 1, 3),
(274, 'Soudan', '', 40519, '32.30', '8.10', '62.60', '52.30', '4.22', '23.00', 1354, 1, 3),
(275, 'Tunisie', '', 11351, '16.50', '5.80', '76.60', '13.30', '1.95', '10.10', 879, 1, 3),
(276, 'Afrique du Sud', '', 53835, '20.00', '12.90', '57.80', '34.30', '2.31', '6.30', 3163, 1, 4),
(277, 'Botswana', '', 2075, '22.80', '16.00', '49.30', '28.10', '2.50', '8.90', 81, 1, 4),
(278, 'Lesotho', '', 2142, '26.70', '14.60', '50.30', '52.60', '2.89', '10.10', 90, 1, 4),
(279, 'Namibie', '', 2436, '25.10', '7.00', '65.20', '30.00', '2.90', '17.90', 90, 1, 4),
(280, 'Swaziland', '', 1303, '28.80', '14.60', '48.90', '59.60', '3.14', '13.10', 48, 1, 4),
(281, 'Bénin', '', 11165, '35.10', '9.20', '59.80', '65.50', '4.61', '25.70', 325, 1, 5),
(282, 'Burkina Faso', '', 18420, '39.30', '10.20', '57.50', '63.50', '5.34', '27.70', 445, 1, 5),
(283, 'Cap-Vert', '', 513, '19.30', '5.00', '76.00', '14.70', '2.19', '8.90', 27, 1, 5),
(284, 'Côte d\'Ivoire', '', 21784, '36.00', '14.00', '52.00', '68.00', '5.00', '23.00', 693, 1, 5),
(285, 'Gambie', '', 2033, '41.70', '9.20', '59.50', '52.50', '5.62', '31.10', 47, 1, 5),
(286, 'Ghana', '', 27532, '29.40', '8.70', '61.60', '48.50', '3.68', '20.00', 948, 1, 5),
(287, 'Guinée', '', 12656, '35.60', '11.00', '56.90', '68.90', '4.67', '24.50', 397, 1, 5),
(288, 'Guinée-Bissau', '', 1830, '36.30', '12.10', '55.00', '88.40', '4.74', '23.20', 57, 1, 5),
(289, 'Libéria', '', 4615, '34.00', '8.30', '61.60', '54.70', '4.57', '24.40', 140, 1, 5),
(290, 'Mali', '', 16775, '46.20', '12.10', '56.20', '79.10', '6.78', '31.50', 444, 1, 5),
(291, 'Mauritanie', '', 4177, '32.90', '8.50', '62.00', '68.50', '4.49', '23.40', 135, 1, 5),
(292, 'Niger', '', 20033, '49.10', '10.00', '59.80', '47.60', '7.48', '38.90', 523, 1, 5),
(293, 'Nigéria', '', 188630, '40.10', '12.40', '53.70', '68.30', '5.84', '27.40', 5140, 1, 5),
(294, 'Sénégal', '', 15390, '36.20', '7.30', '63.90', '46.40', '4.74', '27.60', 448, 1, 5),
(295, 'Sierra Leone', '', 6432, '35.00', '16.50', '46.30', '109.70', '4.48', '17.80', 172, 1, 5),
(296, 'Togo', '', 7349, '34.80', '10.10', '57.50', '61.50', '4.44', '24.40', 203, 1, 5),
(297, 'Canada', '', 36222, '11.30', '7.70', '81.90', '4.10', '1.69', '9.70', 5929, 3, NULL),
(298, 'Etats-Unis', '', 327690, '13.10', '8.30', '79.40', '5.60', '1.97', '7.80', 49223, 3, NULL),
(299, 'Biélorussie', '', 9213, '10.80', '15.60', '70.30', '5.20', '1.53', '-5.00', 1292, 5, 14),
(300, 'Bulgarie', '', 7057, '9.40', '16.00', '73.90', '8.40', '1.59', '-8.00', 1427, 5, 14),
(301, 'Hongrie', '', 9890, '9.80', '13.50', '75.00', '4.50', '1.45', '-2.20', 1780, 5, 14),
(302, 'Moldavie', '', 3413, '11.70', '14.30', '69.30', '13.00', '1.45', '-6.80', 413, 5, 14),
(303, 'Pologne', '', 38219, '10.80', '10.70', '76.90', '5.10', '1.46', '-0.10', 6059, 5, 14),
(304, 'Roumanie', '', 21516, '10.10', '12.70', '74.20', '9.70', '1.46', '-3.00', 3384, 5, 14),
(305, 'Russie', '', 141729, '11.60', '15.60', '68.30', '9.20', '1.58', '-2.70', 19108, 5, 14),
(306, 'Slovaquie', '', 5461, '10.60', '10.50', '75.80', '5.00', '1.44', '0.60', 769, 5, 14),
(307, 'Tchèque (République)', '', 10812, '10.90', '10.70', '78.10', '2.40', '1.62', '3.10', 1953, 5, 14),
(308, 'Ukraine', '', 44354, '10.60', '17.00', '68.80', '11.20', '1.50', '-6.60', 6714, 5, 14),
(309, 'Anglo-Normandes (Îles)', '', 164, '9.40', '9.20', '80.80', '7.70', '1.48', '4.60', 29, 5, 16),
(310, 'Danemark', '', 5684, '11.40', '10.10', '79.80', '3.20', '1.89', '3.90', 1077, 5, 16),
(311, 'Estonie', '', 1277, '10.80', '13.90', '74.80', '4.00', '1.63', '-2.90', 238, 5, 16),
(312, 'Finlande', '', 5478, '11.20', '9.90', '81.00', '2.10', '1.86', '3.10', 1144, 5, 16),
(313, 'Irlande', '', 4776, '14.60', '6.40', '81.20', '2.50', '1.99', '10.20', 617, 5, 16),
(314, 'Islande', '', 340, '14.10', '6.50', '82.50', '1.70', '2.05', '10.50', 47, 5, 16),
(315, 'Lettonie', '', 2021, '11.20', '16.00', '72.50', '6.90', '1.65', '-5.50', 377, 5, 16),
(316, 'Lituanie', '', 2988, '11.50', '14.00', '72.60', '5.10', '1.56', '-3.80', 473, 5, 16),
(317, 'Norvège', '', 5196, '12.40', '8.10', '81.90', '2.40', '1.93', '10.30', 863, 5, 16),
(318, 'Royaume Uni', '', 64200, '12.00', '9.30', '81.00', '3.80', '1.89', '5.50', 11745, 5, 16),
(319, 'Suède', '', 9759, '12.20', '9.40', '82.20', '2.10', '1.93', '6.80', 1969, 5, 16),
(320, 'Albanie', '', 3207, '13.10', '7.10', '78.00', '13.10', '1.78', '3.10', 371, 5, 17),
(321, 'Bosnie-Herzégovine', '', 3814, '9.40', '10.60', '76.90', '6.80', '1.33', '-1.50', 615, 5, 17),
(322, 'Croatie', '', 4240, '9.40', '12.70', '77.60', '4.70', '1.53', '-3.50', 821, 5, 17),
(323, 'Espagne', '', 47333, '9.80', '9.00', '82.50', '2.90', '1.55', '2.80', 8748, 5, 17),
(324, 'Grèce', '', 11120, '9.30', '10.70', '81.30', '3.20', '1.56', '-0.70', 2279, 5, 17),
(325, 'Italie', '', 61211, '9.00', '10.40', '82.80', '2.40', '1.53', '1.10', 13442, 5, 17),
(326, 'Macédoine', '', 2110, '10.40', '9.90', '75.70', '9.00', '1.43', '0.10', 280, 5, 17),
(327, 'Malte', '', 432, '9.10', '8.80', '80.30', '4.20', '1.36', '2.40', 79, 5, 17),
(328, 'Monténégro', '', 621, '11.30', '10.80', '75.10', '9.00', '1.65', '-0.40', 88, 5, 17),
(329, 'Portugal', '', 10607, '8.20', '10.40', '80.60', '2.50', '1.32', '-0.30', 2086, 5, 17),
(330, 'Serbie', '', 9377, '9.50', '12.60', '74.40', '10.10', '1.37', '-5.20', 1451, 5, 17),
(331, 'Slovénie', '', 2083, '9.70', '10.10', '80.10', '2.60', '1.54', '1.60', 381, 5, 17),
(332, 'Allemagne', '', 82453, '8.60', '11.30', '81.20', '2.80', '1.45', '-1.40', 17866, 5, 15),
(333, 'Autriche', '', 8589, '9.70', '9.50', '81.60', '2.80', '1.51', '3.70', 1615, 5, 15),
(334, 'Belgique', '', 11222, '11.60', '10.00', '81.10', '2.90', '1.87', '3.40', 2120, 5, 15),
(335, 'France (métropolitaine)', '', 65316, '12.20', '9.10', '82.30', '2.90', '1.98', '5.00', 12458, 5, 15),
(336, 'Luxembourg', '', 550, '11.70', '7.80', '81.10', '1.90', '1.70', '12.20', 80, 5, 15),
(337, 'Pays-Bas', '', 16885, '10.60', '8.90', '81.40', '3.40', '1.79', '2.40', 3125, 5, 15),
(338, 'Suisse', '', 8320, '10.70', '8.20', '83.00', '3.40', '1.56', '9.80', 1530, 5, 15),
(339, 'Australie', '', 24223, '13.00', '6.60', '82.90', '3.60', '1.87', '12.50', 3696, 6, 12),
(340, 'Nouvelle-Zélande', '', 4641, '13.40', '7.10', '81.60', '4.00', '2.00', '9.50', 695, 6, 12),
(341, 'Fidji', '', 898, '19.30', '7.00', '70.30', '14.80', '2.51', '5.80', 54, 6, 19),
(342, 'Nouvelle-Calédonie', '', 266, '15.10', '7.00', '77.00', '11.90', '2.07', '12.50', 28, 6, 19),
(343, 'Papouasie-Nouvelle-Guinée', '', 7788, '27.80', '7.70', '62.80', '46.00', '3.62', '20.20', 240, 6, 19),
(344, 'Salomon (Îles)', '', 596, '29.10', '5.60', '68.30', '34.90', '3.85', '19.40', 20, 6, 19),
(345, 'Vanuatu', '', 270, '25.70', '4.60', '72.40', '21.20', '3.27', '21.00', 11, 6, 19),
(346, 'Guam', '', 172, '17.00', '4.90', '79.60', '8.70', '2.34', '12.60', 16, 6, 18),
(347, 'Kiribati', '', 107, '23.10', '5.90', '69.80', '30.40', '2.86', '15.40', 5, 6, 18),
(348, 'Micronésie (États fédérés de)', '', 105, '23.80', '6.20', '69.30', '31.20', '3.15', '8.30', 5, 6, 18),
(349, 'Polynésie française', '', 286, '15.80', '5.70', '76.90', '6.00', '2.01', '9.80', 22, 6, 20),
(350, 'Samoa occidentales', '', 195, '24.80', '5.30', '74.00', '18.00', '3.97', '6.60', 10, 6, 20),
(351, 'Tonga', '', 107, '24.00', '5.90', '73.20', '19.40', '3.63', '7.70', 6, 6, 20),
(352, 'Chine', '', 1408922, '12.70', '7.40', '75.80', '11.50', '1.69', '5.00', 138782, 4, 8),
(353, 'Chine - Hong Kong', '', 7365, '9.20', '6.60', '83.90', '1.80', '1.19', '6.80', 1144, 4, 8),
(354, 'Chine - Macao', '', 593, '10.50', '4.90', '81.00', '3.50', '1.16', '14.60', 57, 4, 8),
(355, 'Corée du Nord', '', 25282, '14.30', '9.40', '70.80', '18.90', '1.96', '5.00', 2391, 4, 8),
(356, 'Corée du Sud', '', 49976, '9.50', '6.00', '82.30', '2.80', '1.37', '4.40', 6708, 4, 8),
(357, 'Japon', '', 126598, '8.20', '10.50', '84.10', '2.00', '1.46', '-1.90', 34139, 4, 8),
(358, 'Mongolie', '', 2964, '21.40', '6.80', '68.20', '23.20', '2.38', '13.50', 116, 4, 8),
(359, 'Taïwan', '', 23467, '8.80', '7.20', '80.00', '3.70', '1.20', '1.50', 3001, 4, 8),
(360, 'Brunei', '', 434, '14.60', '3.30', '79.10', '3.60', '1.94', '12.00', 23, 4, 11),
(361, 'Cambodge', '', 15940, '24.40', '5.90', '72.90', '35.10', '2.76', '16.30', 925, 4, 11),
(362, 'Indonésie', '', 258553, '17.70', '6.30', '71.40', '23.40', '2.25', '10.90', 14426, 4, 11),
(363, 'Laos', '', 7146, '25.30', '5.50', '69.60', '30.30', '2.80', '17.70', 281, 4, 11),
(364, 'Malaisie', '', 31106, '17.50', '4.80', '75.60', '3.60', '1.93', '14.50', 1851, 4, 11),
(365, 'Myanmar (Birmanie)', '', 54591, '16.40', '8.70', '65.70', '46.40', '1.88', '7.70', 3063, 4, 11),
(366, 'Philippines', '', 103509, '23.80', '6.10', '69.20', '19.70', '2.94', '16.50', 4366, 4, 11),
(367, 'Singapour', '', 5717, '9.90', '5.00', '82.80', '1.60', '1.30', '16.90', 668, 4, 11),
(368, 'Thaïlande', '', 67541, '9.60', '8.10', '75.00', '8.90', '1.37', '1.90', 7342, 4, 11),
(369, 'Timor-Est', '', 1194, '35.70', '5.30', '68.90', '33.00', '5.48', '18.00', 42, 4, 11),
(370, 'Viêt Nam', '', 94191, '14.50', '5.80', '76.40', '13.00', '1.69', '8.40', 6580, 4, 11),
(371, 'Afghanistan', '', 32730, '31.30', '7.30', '62.10', '61.20', '4.28', '22.10', 823, 4, 10),
(372, 'Bangladesh', '', 162285, '19.00', '5.50', '71.80', '26.60', '2.09', '11.50', 7987, 4, 10),
(373, 'Bhoutan', '', 787, '18.50', '6.40', '69.50', '25.20', '2.12', '12.50', 40, 4, 10),
(374, 'Inde', '', 1297075, '19.50', '7.90', '67.10', '39.40', '2.40', '11.20', 72780, 4, 10),
(375, 'Iran', '', 80460, '17.60', '5.10', '74.90', '13.00', '1.91', '12.10', 4582, 4, 10),
(376, 'Kazakhstan', '', 16931, '19.30', '10.00', '67.00', '23.10', '2.38', '9.30', 1168, 4, 10),
(377, 'Kirgizistan', '', 5795, '26.10', '7.20', '68.00', '31.10', '3.00', '15.50', 241, 4, 10),
(378, 'Maldives', '', 364, '20.40', '3.30', '78.90', '8.40', '2.14', '16.90', 18, 4, 10),
(379, 'Népal', '', 28757, '19.90', '6.50', '69.60', '30.10', '2.14', '11.00', 1561, 4, 10),
(380, 'Ouzbékistan', '', 30087, '20.40', '6.80', '68.60', '41.50', '2.22', '12.40', 1327, 4, 10),
(381, 'Pakistan', '', 191177, '24.00', '6.90', '67.00', '60.60', '2.98', '15.90', 8501, 4, 10),
(382, 'Sri Lanka', '', 21771, '16.80', '7.20', '74.80', '8.10', '2.29', '7.20', 2017, 4, 10),
(383, 'Tadjikistan', '', 8811, '31.60', '6.40', '67.70', '53.60', '3.70', '22.80', 281, 4, 10),
(384, 'Turkménistan', '', 5439, '20.50', '7.80', '65.90', '44.30', '2.25', '11.90', 231, 4, 10),
(385, 'Arabie saoudite', '', 30414, '17.90', '3.20', '76.10', '9.60', '2.49', '16.90', 958, 4, 9),
(386, 'Arménie', '', 2992, '13.00', '8.90', '74.90', '17.50', '1.74', '0.60', 317, 4, 9),
(387, 'Azerbaïdjan', '', 9706, '16.50', '7.10', '71.00', '36.80', '1.88', '9.40', 556, 4, 9),
(388, 'Bahreïn', '', 1381, '14.00', '2.40', '77.00', '6.30', '2.01', '16.30', 32, 4, 9),
(389, 'Chypre', '', 1176, '11.30', '7.00', '80.30', '3.30', '1.46', '9.60', 154, 4, 9),
(390, 'Emirats Arabes Unis', '', 9756, '12.30', '1.10', '77.40', '5.10', '1.75', '19.70', 55, 4, 9),
(391, 'Georgie', '', 4286, '12.60', '11.80', '74.70', '17.70', '1.81', '-4.50', 641, 4, 9),
(392, 'Irak', '', 36752, '29.90', '5.00', '70.00', '25.50', '3.85', '26.70', 1181, 4, 9),
(393, 'Israël', '', 8028, '19.30', '5.50', '82.30', '3.00', '2.84', '14.00', 891, 4, 9),
(394, 'Jordanie', '', 7820, '25.00', '3.70', '74.30', '15.40', '3.06', '13.60', 292, 4, 9),
(395, 'Koweït', '', 3680, '19.70', '2.80', '74.60', '8.00', '2.54', '25.20', 91, 4, 9),
(396, 'Liban', '', 5075, '13.70', '4.50', '80.90', '7.40', '1.48', '-1.30', 465, 4, 9),
(397, 'Oman', '', 4312, '18.50', '2.60', '77.30', '6.40', '2.67', '28.60', 131, 4, 9),
(398, 'Palestine', '', 4663, '29.60', '3.50', '73.70', '17.70', '3.82', '24.80', 145, 4, 9),
(399, 'Qatar', '', 2415, '10.30', '1.40', '78.80', '5.90', '1.96', '22.90', 23, 4, 9),
(400, 'Syrie', '', 22775, '23.00', '4.00', '75.10', '15.80', '2.83', '26.40', 1006, 4, 9),
(401, 'Turquie', '', 77485, '16.00', '5.70', '76.20', '9.70', '1.99', '9.90', 6133, 4, 9),
(402, 'Yémen', '', 26107, '29.80', '7.00', '63.70', '53.00', '3.72', '22.00', 782, 4, 9);

-- --------------------------------------------------------

--
-- Structure de la table `t_regions`
--

DROP TABLE IF EXISTS `t_regions`;
CREATE TABLE IF NOT EXISTS `t_regions` (
  `id_region` smallint NOT NULL AUTO_INCREMENT,
  `libelle_region` varchar(255) NOT NULL,
  `continent_id` smallint NOT NULL,
  PRIMARY KEY (`id_region`),
  KEY `fk_region_continent` (`continent_id`)
) ENGINE=InnoDB AUTO_INCREMENT=21 DEFAULT CHARSET=utf8mb3;

--
-- Déchargement des données de la table `t_regions`
--

INSERT INTO `t_regions` (`id_region`, `libelle_region`, `continent_id`) VALUES
(1, 'Afrique Centrale', 1),
(2, 'Afrique Orientale', 1),
(3, 'Afrique Septentrionale', 1),
(4, 'Afrique australe', 1),
(5, 'Afrique occidentale', 1),
(6, 'Amérique centrale', 2),
(7, 'Amérique du Sud', 2),
(8, 'Asie de l\'Est', 4),
(9, 'Asie de l\'Ouest', 4),
(10, 'Asie du Centre et du Sud', 4),
(11, 'Asie du Sud-Est', 4),
(12, 'Australie Nouvelle Zélande', 6),
(13, 'Caraïbes', 2),
(14, 'Europe de l\'Est', 5),
(15, 'Europe de l\'Ouest', 5),
(16, 'Europe du Nord', 5),
(17, 'Europe du Sud', 5),
(18, 'Micronésie', 6),
(19, 'Mélanésie', 6),
(20, 'Polynésie', 6);

--
-- Contraintes pour les tables déchargées
--

--
-- Contraintes pour la table `t_pays`
--
ALTER TABLE `t_pays`
  ADD CONSTRAINT `fk_continent` FOREIGN KEY (`continent_id`) REFERENCES `t_continents` (`id_continent`),
  ADD CONSTRAINT `fk_region` FOREIGN KEY (`region_id`) REFERENCES `t_regions` (`id_region`);

--
-- Contraintes pour la table `t_regions`
--
ALTER TABLE `t_regions`
  ADD CONSTRAINT `fk_region_continent` FOREIGN KEY (`continent_id`) REFERENCES `t_continents` (`id_continent`);
COMMIT;

/*!40101 SET CHARACTER_SET_CLIENT=@OLD_CHARACTER_SET_CLIENT */;
/*!40101 SET CHARACTER_SET_RESULTS=@OLD_CHARACTER_SET_RESULTS */;
/*!40101 SET COLLATION_CONNECTION=@OLD_COLLATION_CONNECTION */;
